Ref,Val,Package,PosX,PosY,Rot,Side
"H_N","TSW-140-07-G-S","Header_2.54mm",7.130000,-13.500000,0.000000,top
"H_S","TSW-140-07-G-S","Header_2.54mm",7.130000,-85.000000,0.000000,top
"R_EIS_LOAD","RT0603BRD07100RL","EIS_Load_0603",75.500000,-35.390000,0.000000,top
"TH1","NTCG104BH103HT1","NTC_0402",17.700000,-76.800000,0.000000,top
"TH2","NTCG104BH103HT1","NTC_0402",37.700000,-76.800000,0.000000,top
"TH3","NTCG104BH103HT1","NTC_0402",57.700000,-76.800000,0.000000,top
"TH4","NTCG104BH103HT1","NTC_0402",77.700000,-76.800000,0.000000,top
